datetime,open,high,low,close,tick_volume,spread,real_volume
2024-01-02 12:00:00,138700.0,138835.0,138310.0,138310.0,20,5,22
2024-01-02 14:00:00,138600.0,138600.0,138600.0,138600.0,3,5,3
2024-01-02 15:00:00,138310.0,138310.0,138310.0,138310.0,1,5,2
2024-01-02 16:00:00,137800.0,137870.0,137740.0,137870.0,3,5,5
2024-01-03 10:00:00,138005.0,138160.0,138005.0,138090.0,4,5,4
2024-01-03 11:00:00,137675.0,138390.0,137675.0,138390.0,11,5,21
2024-01-03 12:00:00,138255.0,138390.0,138255.0,138390.0,4,5,9
2024-01-03 15:00:00,138800.0,138930.0,138800.0,138900.0,10,5,24
2024-01-03 16:00:00,138900.0,138900.0,138900.0,138900.0,2,5,3
2024-01-03 17:00:00,138400.0,138400.0,138400.0,138400.0,3,5,5
2024-01-04 10:00:00,137550.0,137550.0,137395.0,137395.0,12,5,17
2024-01-04 11:00:00,136700.0,136990.0,136700.0,136990.0,2,5,2
2024-01-04 13:00:00,137320.0,137320.0,137000.0,137000.0,2,5,4
2024-01-04 15:00:00,136450.0,136550.0,136450.0,136525.0,4,5,4
2024-01-04 16:00:00,136500.0,136500.0,136500.0,136500.0,1,5,4
2024-01-05 09:00:00,136800.0,136800.0,136040.0,136040.0,2,5,2
2024-01-05 10:00:00,136255.0,136795.0,135940.0,136795.0,6,5,9
2024-01-05 11:00:00,136695.0,136845.0,136695.0,136825.0,4,5,4
2024-01-05 12:00:00,137425.0,137810.0,137340.0,137800.0,7,5,10
2024-01-05 13:00:00,137480.0,137480.0,137330.0,137330.0,2,5,2
2024-01-05 15:00:00,136805.0,136805.0,136805.0,136805.0,1,5,1
2024-01-05 17:00:00,137210.0,137380.0,137210.0,137380.0,2,5,2
2024-01-08 09:00:00,136795.0,136795.0,136575.0,136575.0,3,5,5
2024-01-08 10:00:00,136500.0,136500.0,136500.0,136500.0,1,5,4
2024-01-08 11:00:00,136650.0,137790.0,136545.0,137790.0,3,5,3
2024-01-09 10:00:00,136745.0,136745.0,136580.0,136580.0,3,5,3
2024-01-09 11:00:00,136385.0,136385.0,136385.0,136385.0,1,5,5
2024-01-10 10:00:00,136270.0,136270.0,136130.0,136130.0,10,5,10
2024-01-10 11:00:00,136200.0,136200.0,136200.0,136200.0,1,5,1
2024-01-10 17:00:00,135690.0,135690.0,135690.0,135690.0,1,5,5
2024-01-12 17:00:00,136150.0,136150.0,136150.0,136150.0,1,5,1
2024-01-15 09:00:00,135670.0,135670.0,135640.0,135640.0,5,5,5
2024-01-15 10:00:00,135170.0,135250.0,135170.0,135250.0,6,5,6
2024-01-15 16:00:00,136390.0,136390.0,136325.0,136325.0,17,5,17
2024-01-16 10:00:00,135240.0,135240.0,135240.0,135240.0,1,5,2
2024-01-16 11:00:00,135055.0,135140.0,134785.0,134785.0,5,5,7
2024-01-16 14:00:00,134175.0,134175.0,134125.0,134125.0,2,5,2
2024-01-17 09:00:00,133570.0,133570.0,133570.0,133570.0,1,5,1
2024-01-17 10:00:00,133825.0,133825.0,133825.0,133825.0,1,5,1
2024-01-18 10:00:00,133250.0,133250.0,133185.0,133185.0,2,5,2
2024-01-18 11:00:00,132875.0,132875.0,132875.0,132875.0,2,5,2
2024-01-18 17:00:00,132400.0,132400.0,132400.0,132400.0,1,5,1
2024-01-19 09:00:00,132535.0,132535.0,132535.0,132535.0,1,5,1
2024-01-19 10:00:00,132285.0,132285.0,132000.0,132105.0,7,5,44
2024-01-19 11:00:00,132105.0,132105.0,131500.0,131500.0,3,5,3
2024-01-22 15:00:00,131000.0,131000.0,131000.0,131000.0,1,5,2
2024-01-22 16:00:00,130850.0,130850.0,130710.0,130710.0,2,5,10
2024-01-23 09:00:00,131600.0,131600.0,131600.0,131600.0,1,5,5
2024-01-23 10:00:00,131580.0,131985.0,131510.0,131985.0,3,5,11
2024-01-23 12:00:00,131985.0,132000.0,131585.0,131585.0,4,5,9
2024-01-23 14:00:00,132335.0,132335.0,132155.0,132155.0,2,5,5
2024-01-23 15:00:00,132530.0,132530.0,132530.0,132530.0,1,5,4
2024-01-23 17:00:00,132530.0,132800.0,132530.0,132800.0,2,5,2
2024-01-24 11:00:00,133600.0,133615.0,133300.0,133300.0,12,5,19
2024-01-24 12:00:00,132975.0,132975.0,132800.0,132800.0,2,5,4
2024-01-24 16:00:00,132390.0,132390.0,132105.0,132105.0,3,5,3
2024-01-25 12:00:00,132990.0,132990.0,132990.0,132990.0,1,5,1
2024-01-25 13:00:00,132480.0,132480.0,132480.0,132480.0,1,5,5
2024-01-26 11:00:00,133030.0,133030.0,132860.0,132860.0,6,5,6
2024-01-29 14:00:00,132555.0,132555.0,132555.0,132555.0,1,5,5
2024-01-30 09:00:00,132770.0,132770.0,132620.0,132620.0,2,5,2
2024-01-30 10:00:00,132480.0,132480.0,132480.0,132480.0,1,5,1
2024-01-30 11:00:00,131630.0,131630.0,131630.0,131630.0,1,5,7
2024-01-30 12:00:00,131440.0,131440.0,131400.0,131400.0,2,5,2
2024-01-30 13:00:00,131855.0,131855.0,131855.0,131855.0,43,5,100
2024-01-30 15:00:00,131685.0,131685.0,131685.0,131685.0,1,5,1
2024-01-30 18:00:00,131500.0,131570.0,131440.0,131485.0,227,5,339
2024-01-31 11:00:00,132605.0,132995.0,132555.0,132905.0,43,5,57
2024-01-31 12:00:00,132810.0,132960.0,132720.0,132845.0,28,5,42
2024-01-31 13:00:00,132890.0,132950.0,132500.0,132680.0,107,5,166
2024-01-31 14:00:00,132785.0,132785.0,132750.0,132750.0,2,5,2
2024-01-31 15:00:00,132765.0,133085.0,132765.0,132870.0,12,5,22
2024-01-31 16:00:00,133020.0,133300.0,133020.0,133300.0,3,5,6
2024-01-31 17:00:00,132440.0,132440.0,131650.0,131650.0,3,5,7
2024-02-01 09:00:00,131905.0,131980.0,131780.0,131980.0,52,5,214
2024-02-01 10:00:00,132135.0,132135.0,131850.0,131850.0,7,5,8
2024-02-01 11:00:00,131820.0,132150.0,131820.0,132005.0,6,5,6
2024-02-01 12:00:00,131890.0,132000.0,131750.0,131750.0,5,5,5
2024-02-01 14:00:00,132105.0,132105.0,132105.0,132105.0,1,5,5
2024-02-01 15:00:00,131705.0,132170.0,131705.0,132170.0,228,5,228
2024-02-01 16:00:00,132115.0,132485.0,131900.0,132485.0,97,5,176
2024-02-02 09:00:00,132305.0,132405.0,132305.0,132405.0,2,5,2
2024-02-02 10:00:00,132465.0,132790.0,131505.0,131705.0,29,5,50
2024-02-02 11:00:00,131105.0,131105.0,130905.0,131005.0,10,5,13
2024-02-02 12:00:00,130850.0,130850.0,130850.0,130850.0,1,5,2
2024-02-02 13:00:00,130550.0,130690.0,130550.0,130605.0,20,5,23
2024-02-02 15:00:00,130630.0,130790.0,130625.0,130790.0,7,5,9
2024-02-02 16:00:00,131000.0,131050.0,131000.0,131050.0,2,5,3
2024-02-02 17:00:00,131105.0,131105.0,131105.0,131105.0,1,5,9
2024-02-05 10:00:00,131105.0,131105.0,131105.0,131105.0,1,5,5
2024-02-05 16:00:00,131535.0,131540.0,131535.0,131540.0,2,5,2
2024-02-05 17:00:00,131400.0,131400.0,131400.0,131400.0,1,5,1
2024-02-06 10:00:00,131330.0,133200.0,130505.0,133115.0,42,5,75
2024-02-06 11:00:00,133235.0,133500.0,132900.0,133500.0,28,5,99
2024-02-06 12:00:00,133495.0,134000.0,133495.0,134000.0,13,5,30
2024-02-06 13:00:00,133850.0,133850.0,133850.0,133850.0,1,5,1
2024-02-06 15:00:00,133800.0,134195.0,133800.0,134060.0,8,5,12
2024-02-06 16:00:00,134180.0,134200.0,133940.0,134060.0,12,5,12
2024-02-06 17:00:00,134190.0,134300.0,134190.0,134300.0,7,5,7
2024-02-06 18:00:00,134450.0,134650.0,134450.0,134530.0,8,5,9
2024-02-07 10:00:00,133940.0,133955.0,133860.0,133950.0,9,5,19
2024-02-07 12:00:00,133785.0,133860.0,133785.0,133860.0,2,5,2
2024-02-07 13:00:00,133775.0,133775.0,133480.0,133530.0,46,5,111
2024-02-08 09:00:00,133555.0,133555.0,133470.0,133470.0,2,5,2
2024-02-08 10:00:00,133690.0,133895.0,133530.0,133530.0,3,5,3
2024-02-08 12:00:00,132595.0,132595.0,132595.0,132595.0,1,5,1
2024-02-08 13:00:00,132250.0,132250.0,132080.0,132080.0,7,5,49
2024-02-08 14:00:00,132000.0,132000.0,132000.0,132000.0,2,5,2
2024-02-08 15:00:00,132145.0,132205.0,132055.0,132205.0,3,5,3
2024-02-08 16:00:00,132235.0,132235.0,132065.0,132065.0,2,5,2
2024-02-08 17:00:00,132005.0,132600.0,132005.0,132600.0,5,5,8
2024-02-09 09:00:00,132100.0,132100.0,132100.0,132100.0,2,5,2
2024-02-09 10:00:00,131965.0,132615.0,131965.0,132615.0,4,5,5
2024-02-09 11:00:00,132455.0,132575.0,131600.0,132100.0,12,5,21
2024-02-09 13:00:00,131600.0,131600.0,131600.0,131600.0,1,5,1
2024-02-09 14:00:00,131985.0,131985.0,131985.0,131985.0,1,5,1
2024-02-09 15:00:00,132100.0,132150.0,131675.0,131675.0,5,5,6
2024-02-14 13:00:00,131600.0,131600.0,130850.0,130980.0,58,5,252
2024-02-14 14:00:00,131000.0,131000.0,130670.0,130880.0,31,5,45
2024-02-14 15:00:00,130670.0,130915.0,130500.0,130500.0,20,5,46
2024-02-14 16:00:00,130500.0,130800.0,130500.0,130640.0,22,5,140
2024-02-14 17:00:00,130700.0,130800.0,130570.0,130800.0,19,5,21
2024-02-15 09:00:00,130815.0,131385.0,130815.0,131300.0,279,5,684
2024-02-15 10:00:00,131210.0,131285.0,130840.0,130915.0,137,5,879
2024-02-15 11:00:00,130915.0,131305.0,130705.0,131130.0,147,5,266
2024-02-15 12:00:00,131135.0,131335.0,130955.0,131220.0,26,5,41
2024-02-15 13:00:00,131200.0,131205.0,130985.0,131110.0,37,5,41
2024-02-15 14:00:00,131170.0,131475.0,131170.0,131335.0,35,5,75
2024-02-15 15:00:00,131330.0,131580.0,131305.0,131525.0,46,5,68
2024-02-15 16:00:00,131500.0,131625.0,131375.0,131555.0,66,5,93
2024-02-15 17:00:00,131545.0,131625.0,131510.0,131510.0,11,5,18
2024-02-15 18:00:00,131615.0,131615.0,131510.0,131510.0,16,5,37
2024-02-16 09:00:00,131665.0,132250.0,131665.0,132140.0,51,5,107
2024-02-16 10:00:00,132260.0,132585.0,131450.0,131725.0,255,5,579
2024-02-16 11:00:00,131840.0,132120.0,131840.0,131875.0,80,5,145
2024-02-16 12:00:00,131920.0,132600.0,131900.0,132325.0,87,5,204
2024-02-16 13:00:00,132390.0,132410.0,132105.0,132105.0,27,5,100
2024-02-16 14:00:00,132110.0,132500.0,132075.0,132460.0,32,5,69
2024-02-16 15:00:00,132435.0,132790.0,132370.0,132685.0,116,5,299
2024-02-16 16:00:00,132750.0,132905.0,132640.0,132640.0,109,5,167
2024-02-16 17:00:00,132615.0,132775.0,132560.0,132560.0,29,5,62
2024-02-16 18:00:00,132575.0,132605.0,132535.0,132550.0,12,5,24
2024-02-19 09:00:00,132500.0,132500.0,132090.0,132090.0,30,5,52
2024-02-19 10:00:00,132075.0,132210.0,131870.0,131870.0,51,5,82
2024-02-19 11:00:00,131900.0,132280.0,131900.0,132150.0,57,5,70
2024-02-19 12:00:00,132260.0,132340.0,132260.0,132305.0,17,5,25
2024-02-19 13:00:00,132320.0,132480.0,132320.0,132440.0,32,5,85
2024-02-19 14:00:00,132465.0,132515.0,132300.0,132485.0,46,5,75
2024-02-19 15:00:00,132510.0,132540.0,132395.0,132430.0,28,5,45
2024-02-19 16:00:00,132450.0,132535.0,132415.0,132465.0,16,5,21
2024-02-19 17:00:00,132465.0,132710.0,132465.0,132710.0,50,5,115
2024-02-19 18:00:00,132720.0,132850.0,132710.0,132850.0,32,5,67
2024-02-20 09:00:00,132325.0,132325.0,131855.0,131945.0,100,5,232
2024-02-20 10:00:00,131960.0,133005.0,131960.0,132860.0,119,5,383
2024-02-20 11:00:00,132835.0,133440.0,132835.0,133385.0,102,5,187
2024-02-20 12:00:00,133480.0,133600.0,133245.0,133535.0,162,5,954
2024-02-20 13:00:00,133510.0,133530.0,133255.0,133255.0,145,5,976
2024-02-20 14:00:00,133260.0,133505.0,133200.0,133490.0,84,5,218
2024-02-20 15:00:00,133530.0,133555.0,133305.0,133420.0,81,5,143
2024-02-20 16:00:00,133325.0,133475.0,133245.0,133440.0,61,5,260
2024-02-20 17:00:00,133410.0,133635.0,133350.0,133635.0,145,5,275
2024-02-20 18:00:00,133640.0,133800.0,133620.0,133650.0,142,5,189
2024-02-21 09:00:00,133385.0,133415.0,133225.0,133340.0,100,5,269
2024-02-21 10:00:00,133300.0,133645.0,133255.0,133315.0,66,5,203
2024-02-21 11:00:00,133430.0,133710.0,133320.0,133455.0,69,5,253
2024-02-21 12:00:00,133405.0,133430.0,133230.0,133360.0,28,5,74
2024-02-21 13:00:00,133455.0,133600.0,133275.0,133495.0,32,5,83
2024-02-21 14:00:00,133545.0,133590.0,133060.0,133080.0,96,5,218
2024-02-21 15:00:00,133125.0,133420.0,132985.0,133360.0,83,5,229
2024-02-21 16:00:00,133280.0,133655.0,133280.0,133555.0,78,5,304
2024-02-21 17:00:00,133565.0,133745.0,133400.0,133745.0,54,5,174
2024-02-21 18:00:00,133740.0,133900.0,133640.0,133900.0,35,5,116
2024-02-22 09:00:00,134665.0,134705.0,134275.0,134295.0,162,5,333
2024-02-22 10:00:00,134285.0,134460.0,134105.0,134245.0,124,5,405
2024-02-22 11:00:00,134175.0,134285.0,133860.0,133980.0,58,5,128
2024-02-22 12:00:00,133870.0,133870.0,133635.0,133735.0,155,5,411
2024-02-22 13:00:00,133770.0,133920.0,133770.0,133870.0,64,5,395
2024-02-22 14:00:00,133835.0,133970.0,133715.0,133760.0,33,5,145
2024-02-22 15:00:00,133655.0,134105.0,133590.0,134095.0,80,5,420
2024-02-22 16:00:00,134110.0,134350.0,134075.0,134105.0,135,5,673
2024-02-22 17:00:00,134060.0,134100.0,133685.0,133685.0,48,5,222
2024-02-22 18:00:00,133775.0,133810.0,133740.0,133760.0,20,5,115
2024-02-23 09:00:00,133895.0,134200.0,133880.0,134165.0,44,5,135
2024-02-23 10:00:00,134050.0,134220.0,133800.0,133800.0,61,5,175
2024-02-23 11:00:00,133780.0,133780.0,133235.0,133340.0,142,5,308
2024-02-23 12:00:00,133285.0,133400.0,133095.0,133160.0,228,5,531
2024-02-23 13:00:00,133125.0,133125.0,132645.0,132980.0,242,5,489
2024-02-23 14:00:00,132980.0,133255.0,132980.0,133145.0,76,5,189
2024-02-23 15:00:00,133215.0,133275.0,132925.0,132945.0,55,5,116
2024-02-23 16:00:00,132900.0,132980.0,132730.0,132915.0,122,5,253
2024-02-23 17:00:00,132955.0,133030.0,132880.0,132985.0,31,5,102
2024-02-23 18:00:00,132950.0,133155.0,132950.0,133155.0,11,5,25
2024-02-26 09:00:00,133010.0,133020.0,132665.0,132670.0,111,5,338
2024-02-26 10:00:00,132680.0,133545.0,132640.0,133465.0,121,5,277
2024-02-26 11:00:00,133480.0,133480.0,133030.0,133295.0,70,5,301
2024-02-26 12:00:00,133375.0,133465.0,132800.0,132865.0,105,5,424
2024-02-26 13:00:00,132800.0,132895.0,132720.0,132835.0,101,5,534
2024-02-26 14:00:00,132830.0,133395.0,132800.0,133225.0,153,5,1146
2024-02-26 15:00:00,133300.0,133310.0,133155.0,133310.0,43,5,257
2024-02-26 16:00:00,133310.0,133345.0,133105.0,133235.0,59,5,381
2024-02-26 17:00:00,133245.0,133355.0,133165.0,133200.0,104,5,832
2024-02-26 18:00:00,133155.0,133265.0,133120.0,133230.0,22,5,129
2024-02-27 09:00:00,133080.0,134335.0,133080.0,134160.0,196,5,1287
2024-02-27 10:00:00,134160.0,134700.0,134145.0,134510.0,241,5,691
2024-02-27 11:00:00,134555.0,134795.0,134435.0,134715.0,151,5,885
2024-02-27 12:00:00,134800.0,134920.0,134775.0,134840.0,122,5,426
2024-02-27 13:00:00,134815.0,135040.0,134785.0,134930.0,112,5,438
2024-02-27 14:00:00,134945.0,134945.0,134850.0,134920.0,12,5,66
2024-02-27 15:00:00,134980.0,135265.0,134980.0,135180.0,118,5,398
2024-02-27 16:00:00,135165.0,135260.0,135090.0,135170.0,101,5,519
2024-02-27 17:00:00,135140.0,135365.0,135080.0,135365.0,152,5,644
2024-02-27 18:00:00,135285.0,135420.0,135270.0,135270.0,23,5,96
2024-02-28 09:00:00,134955.0,134955.0,134470.0,134575.0,94,5,311
2024-02-28 10:00:00,134580.0,134855.0,134470.0,134530.0,161,5,492
2024-02-28 11:00:00,134570.0,134640.0,134200.0,134360.0,100,5,382
2024-02-28 12:00:00,134335.0,134565.0,134300.0,134565.0,31,5,292
2024-02-28 13:00:00,134515.0,134515.0,134115.0,134235.0,41,5,233
2024-02-28 14:00:00,134145.0,134205.0,133695.0,133825.0,300,5,730
2024-02-28 15:00:00,133785.0,133910.0,133470.0,133470.0,259,5,805
2024-02-28 16:00:00,133420.0,133620.0,133235.0,133575.0,163,5,533
2024-02-28 17:00:00,133630.0,133730.0,133560.0,133560.0,86,5,474
2024-02-28 18:00:00,133580.0,133645.0,133530.0,133620.0,38,5,213
2024-02-29 09:00:00,133750.0,134060.0,133100.0,133100.0,96,5,187
2024-02-29 10:00:00,133075.0,133310.0,132755.0,132830.0,223,5,955
2024-02-29 11:00:00,132840.0,132850.0,132355.0,132650.0,100,5,487
2024-02-29 12:00:00,132680.0,132825.0,132275.0,132445.0,56,5,195
2024-02-29 13:00:00,132500.0,132580.0,132345.0,132530.0,58,5,419
2024-02-29 14:00:00,132550.0,132570.0,132325.0,132490.0,28,5,69
2024-02-29 15:00:00,132465.0,132500.0,132365.0,132435.0,41,5,168
2024-02-29 16:00:00,132455.0,132510.0,132090.0,132200.0,59,5,191
2024-02-29 17:00:00,132295.0,132560.0,132175.0,132405.0,75,5,283
2024-02-29 18:00:00,132500.0,132750.0,132435.0,132750.0,31,5,149
2024-03-01 09:00:00,132600.0,133100.0,132480.0,132820.0,120,5,512
2024-03-01 10:00:00,132805.0,132805.0,132400.0,132590.0,180,5,1221
2024-03-01 11:00:00,132555.0,132800.0,132050.0,132085.0,235,5,793
2024-03-01 12:00:00,132110.0,133075.0,132110.0,133020.0,235,5,1068
2024-03-01 13:00:00,133070.0,133070.0,132780.0,132780.0,38,5,103
2024-03-01 14:00:00,132850.0,132925.0,132500.0,132500.0,44,5,194
2024-03-01 15:00:00,132550.0,132705.0,132480.0,132480.0,17,5,82
2024-03-01 16:00:00,132465.0,132690.0,132385.0,132680.0,31,5,195
2024-03-01 17:00:00,132555.0,132645.0,132550.0,132645.0,10,5,23
2024-03-01 18:00:00,132625.0,132645.0,132430.0,132480.0,22,5,122
2024-03-04 09:00:00,132220.0,132650.0,132220.0,132430.0,30,5,85
2024-03-04 10:00:00,132390.0,132600.0,132215.0,132435.0,41,5,92
2024-03-04 11:00:00,132350.0,132350.0,131670.0,131780.0,251,5,1335
2024-03-04 12:00:00,131750.0,131750.0,131535.0,131650.0,98,5,467
2024-03-04 13:00:00,131645.0,132045.0,131645.0,131995.0,72,5,429
2024-03-04 14:00:00,131960.0,131990.0,131725.0,131785.0,31,5,95
2024-03-04 15:00:00,131800.0,131830.0,131665.0,131760.0,21,5,48
2024-03-04 16:00:00,131775.0,131820.0,131650.0,131800.0,63,5,357
2024-03-04 17:00:00,131800.0,131800.0,131600.0,131640.0,63,5,291
2024-03-04 18:00:00,131600.0,131820.0,131600.0,131820.0,15,5,30
2024-03-05 09:00:00,131550.0,131805.0,131410.0,131645.0,66,5,125
2024-03-05 10:00:00,131690.0,131700.0,131475.0,131580.0,27,5,102
2024-03-05 11:00:00,131650.0,131915.0,131540.0,131655.0,33,5,166
2024-03-05 12:00:00,131660.0,132280.0,131660.0,131995.0,133,5,350
2024-03-05 13:00:00,131815.0,131845.0,131335.0,131650.0,81,5,148
2024-03-05 14:00:00,131665.0,131775.0,131455.0,131510.0,42,5,80
2024-03-05 15:00:00,131430.0,131565.0,131430.0,131475.0,9,5,12
2024-03-05 16:00:00,131470.0,131530.0,131050.0,131190.0,64,5,115
2024-03-05 17:00:00,131190.0,131410.0,131155.0,131395.0,48,5,282
2024-03-05 18:00:00,131360.0,131490.0,131300.0,131490.0,30,5,284
2024-03-06 09:00:00,131790.0,132200.0,131780.0,131970.0,86,5,291
2024-03-06 10:00:00,131945.0,132370.0,131680.0,132305.0,183,5,575
2024-03-06 11:00:00,132100.0,132295.0,131995.0,132280.0,44,5,142
2024-03-06 12:00:00,132035.0,132265.0,131740.0,131925.0,77,5,299
2024-03-06 13:00:00,131815.0,132485.0,131720.0,132430.0,99,5,373
2024-03-06 14:00:00,132445.0,132520.0,132310.0,132345.0,56,5,127
2024-03-06 15:00:00,132300.0,132390.0,132135.0,132220.0,37,5,93
2024-03-06 16:00:00,132135.0,132185.0,131905.0,132075.0,154,5,325
2024-03-06 17:00:00,132120.0,132205.0,131995.0,131995.0,49,5,179
2024-03-06 18:00:00,132040.0,132055.0,132020.0,132035.0,14,5,40
2024-03-07 09:00:00,132190.0,132225.0,131915.0,131995.0,32,5,63
2024-03-07 10:00:00,131975.0,132275.0,131900.0,131900.0,49,5,112
2024-03-07 11:00:00,131880.0,131880.0,131245.0,131300.0,107,5,259
2024-03-07 12:00:00,131335.0,131480.0,131210.0,131465.0,35,5,156
2024-03-07 13:00:00,131480.0,131530.0,131265.0,131340.0,71,5,131
2024-03-07 14:00:00,131325.0,131400.0,131135.0,131365.0,56,5,119
2024-03-07 15:00:00,131335.0,131550.0,131300.0,131510.0,111,5,126
2024-03-07 16:00:00,131440.0,131465.0,131335.0,131375.0,56,5,151
2024-03-07 17:00:00,131335.0,131505.0,131335.0,131505.0,29,5,108
2024-03-07 18:00:00,131500.0,131500.0,131375.0,131470.0,36,5,97
2024-03-08 09:00:00,129195.0,129420.0,129020.0,129105.0,184,5,630
2024-03-08 10:00:00,129050.0,129820.0,128785.0,129545.0,199,5,480
2024-03-08 11:00:00,129550.0,129770.0,129345.0,129605.0,64,5,518
2024-03-08 12:00:00,129740.0,130475.0,129740.0,130365.0,119,5,363
2024-03-08 13:00:00,130370.0,130380.0,130000.0,130080.0,162,5,637
2024-03-08 14:00:00,130100.0,130535.0,130085.0,130150.0,286,5,2536
2024-03-08 15:00:00,130200.0,130515.0,130115.0,130215.0,1062,5,1878
2024-03-08 16:00:00,130215.0,130520.0,130195.0,130230.0,754,5,1510
2024-03-08 17:00:00,130240.0,130265.0,129825.0,130165.0,332,5,899
2024-03-08 18:00:00,130175.0,130205.0,130010.0,130130.0,16,5,45
2024-03-11 09:00:00,129505.0,129510.0,128960.0,129040.0,109,5,278
2024-03-11 10:00:00,129075.0,129425.0,129000.0,129295.0,110,5,148
2024-03-11 11:00:00,129305.0,129950.0,129205.0,129825.0,164,5,550
2024-03-11 12:00:00,129815.0,129835.0,129400.0,129550.0,39,5,69
2024-03-11 13:00:00,129400.0,129545.0,129390.0,129470.0,7,5,7
2024-03-11 14:00:00,129570.0,129695.0,129395.0,129405.0,29,5,57
2024-03-11 15:00:00,129445.0,129520.0,129300.0,129470.0,71,5,137
2024-03-11 16:00:00,129510.0,129800.0,129075.0,129245.0,85,5,257
2024-03-11 17:00:00,129275.0,129325.0,129085.0,129325.0,50,5,380
2024-03-11 18:00:00,129240.0,129270.0,129240.0,129270.0,2,5,2
2024-03-12 09:00:00,129210.0,130570.0,129195.0,130460.0,220,5,558
2024-03-12 10:00:00,130280.0,130510.0,129795.0,129795.0,211,5,610
2024-03-12 11:00:00,129860.0,130140.0,129570.0,130005.0,117,5,216
2024-03-12 12:00:00,129980.0,130440.0,129965.0,130435.0,120,5,232
2024-03-12 13:00:00,130420.0,130695.0,130335.0,130610.0,172,5,870
2024-03-12 14:00:00,130595.0,130625.0,130435.0,130625.0,165,5,1070
2024-03-12 15:00:00,130580.0,131055.0,130575.0,130980.0,148,5,1058
2024-03-12 16:00:00,130910.0,131000.0,130680.0,130730.0,99,5,741
2024-03-12 17:00:00,130790.0,130790.0,130605.0,130725.0,42,5,149
2024-03-12 18:00:00,130700.0,130890.0,130700.0,130890.0,20,5,44
2024-03-13 09:00:00,130620.0,130620.0,130240.0,130385.0,159,5,309
2024-03-13 10:00:00,130305.0,131205.0,130305.0,131180.0,176,5,472
2024-03-13 11:00:00,131085.0,131225.0,130850.0,130850.0,83,5,224
2024-03-13 12:00:00,130820.0,131080.0,130820.0,131080.0,49,5,182
2024-03-13 13:00:00,131055.0,131135.0,130895.0,130920.0,37,5,367
2024-03-13 14:00:00,130855.0,131475.0,130855.0,131450.0,78,5,218
2024-03-13 15:00:00,131400.0,131400.0,131075.0,131075.0,295,5,1778
2024-03-13 16:00:00,131060.0,131180.0,130825.0,131160.0,233,5,1361
2024-03-13 17:00:00,131130.0,131170.0,131035.0,131140.0,40,5,96
2024-03-13 18:00:00,131080.0,131215.0,131010.0,131010.0,13,5,39
2024-03-14 09:00:00,131285.0,131285.0,130845.0,130930.0,248,5,721
2024-03-14 10:00:00,130905.0,131150.0,130375.0,130425.0,183,5,501
2024-03-14 11:00:00,130415.0,131020.0,130415.0,130940.0,173,5,225
2024-03-14 12:00:00,130640.0,130825.0,130600.0,130670.0,212,5,323
2024-03-14 13:00:00,130605.0,130660.0,130405.0,130485.0,124,5,471
2024-03-14 14:00:00,130490.0,130490.0,130080.0,130455.0,101,5,323
2024-03-14 15:00:00,130480.0,130705.0,130480.0,130650.0,102,5,326
2024-03-14 16:00:00,130600.0,130635.0,130210.0,130635.0,116,5,372
2024-03-14 17:00:00,130585.0,130770.0,130585.0,130690.0,34,5,65
2024-03-14 18:00:00,130685.0,130740.0,130685.0,130735.0,8,5,15
2024-03-15 09:00:00,130555.0,130700.0,130390.0,130535.0,85,5,102
2024-03-15 10:00:00,130535.0,130800.0,130000.0,130080.0,115,5,188
2024-03-15 11:00:00,130035.0,130110.0,129640.0,129710.0,262,5,713
2024-03-15 12:00:00,129695.0,129780.0,129555.0,129600.0,80,5,218
2024-03-15 13:00:00,129565.0,129600.0,129290.0,129290.0,142,5,402
2024-03-15 14:00:00,129325.0,129455.0,129290.0,129410.0,113,5,366
2024-03-15 15:00:00,129450.0,129480.0,129350.0,129415.0,75,5,283
2024-03-15 16:00:00,129400.0,129500.0,129300.0,129475.0,224,5,589
2024-03-15 17:00:00,129460.0,129560.0,129390.0,129420.0,131,5,386
2024-03-15 18:00:00,129420.0,129420.0,129235.0,129290.0,62,5,287
2024-03-18 09:00:00,129800.0,130295.0,129800.0,130030.0,206,5,364
2024-03-18 10:00:00,130000.0,130305.0,129525.0,129525.0,181,5,357
2024-03-18 11:00:00,129530.0,129705.0,129035.0,129040.0,100,5,153
2024-03-18 12:00:00,129060.0,129260.0,129060.0,129240.0,47,5,139
2024-03-18 13:00:00,129205.0,129350.0,129180.0,129345.0,37,5,110
2024-03-18 14:00:00,129275.0,129420.0,129190.0,129380.0,111,5,385
2024-03-18 15:00:00,129430.0,129645.0,129355.0,129555.0,86,5,169
2024-03-18 16:00:00,129560.0,129610.0,129405.0,129610.0,35,5,124
2024-03-18 17:00:00,129645.0,129725.0,129535.0,129560.0,48,5,399
2024-03-18 18:00:00,129550.0,129660.0,129500.0,129515.0,150,5,280
2024-03-19 09:00:00,129595.0,130000.0,129365.0,130000.0,227,5,516
2024-03-19 10:00:00,130020.0,130250.0,129880.0,130040.0,199,5,684
2024-03-19 11:00:00,129955.0,130465.0,129850.0,130430.0,196,5,672
2024-03-19 12:00:00,130355.0,130365.0,130140.0,130200.0,60,5,270
2024-03-19 13:00:00,130255.0,130365.0,130175.0,130335.0,18,5,39
2024-03-19 14:00:00,130430.0,130665.0,130400.0,130555.0,94,5,155
2024-03-19 15:00:00,130630.0,130700.0,130300.0,130420.0,70,5,100
2024-03-19 16:00:00,130365.0,130465.0,130080.0,130240.0,104,5,160
2024-03-19 17:00:00,130265.0,130345.0,130185.0,130245.0,70,5,82
2024-03-19 18:00:00,130240.0,130375.0,130240.0,130375.0,185,5,732
2024-03-20 09:00:00,130200.0,130350.0,129940.0,130350.0,159,5,482
2024-03-20 10:00:00,130315.0,130675.0,130200.0,130585.0,202,5,375
2024-03-20 11:00:00,130465.0,130465.0,129985.0,130195.0,145,5,374
2024-03-20 12:00:00,130165.0,130400.0,130145.0,130350.0,109,5,140
2024-03-20 13:00:00,130405.0,130710.0,130405.0,130675.0,59,5,113
2024-03-20 14:00:00,130785.0,130965.0,130770.0,130880.0,107,5,317
2024-03-20 15:00:00,130885.0,131725.0,130870.0,131715.0,505,5,2578
2024-03-20 16:00:00,131660.0,131920.0,131600.0,131885.0,819,5,2929
2024-03-20 17:00:00,131885.0,132200.0,131790.0,132105.0,1173,5,2836
2024-03-20 18:00:00,132145.0,132420.0,132105.0,132255.0,106,5,385
2024-03-21 09:00:00,132055.0,132250.0,131795.0,131870.0,209,5,622
2024-03-21 10:00:00,131895.0,132135.0,131225.0,131240.0,358,5,1089
2024-03-21 11:00:00,131220.0,131220.0,130995.0,131100.0,363,5,1237
2024-03-21 12:00:00,131100.0,131120.0,130965.0,131055.0,137,5,399
2024-03-21 13:00:00,131040.0,131055.0,130825.0,130995.0,246,5,551
2024-03-21 14:00:00,130980.0,131095.0,130935.0,130975.0,123,5,323
2024-03-21 15:00:00,130920.0,131055.0,130770.0,131055.0,149,5,525
2024-03-21 16:00:00,131005.0,131045.0,130775.0,130875.0,60,5,385
2024-03-21 17:00:00,130815.0,130915.0,130650.0,130660.0,116,5,364
2024-03-21 18:00:00,130670.0,130715.0,130615.0,130620.0,21,5,91
2024-03-22 09:00:00,130575.0,130575.0,130045.0,130300.0,137,5,434
2024-03-22 10:00:00,130220.0,130510.0,129970.0,130230.0,264,5,536
2024-03-22 11:00:00,130220.0,130305.0,129800.0,130030.0,214,5,461
2024-03-22 12:00:00,129960.0,130195.0,129840.0,129920.0,90,5,159
2024-03-22 13:00:00,129930.0,129970.0,129670.0,129835.0,101,5,226
2024-03-22 14:00:00,129775.0,129815.0,129510.0,129540.0,71,5,153
2024-03-22 15:00:00,129570.0,129690.0,129430.0,129680.0,95,5,215
2024-03-22 16:00:00,129665.0,129670.0,129415.0,129540.0,95,5,183
2024-03-22 17:00:00,129545.0,129615.0,129490.0,129540.0,56,5,222
2024-03-22 18:00:00,129540.0,129570.0,129490.0,129490.0,28,5,66
2024-03-25 09:00:00,129590.0,129740.0,129080.0,129505.0,149,5,301
2024-03-25 10:00:00,129435.0,129670.0,129250.0,129505.0,467,5,1004
2024-03-25 11:00:00,129525.0,129715.0,129340.0,129445.0,134,5,233
2024-03-25 12:00:00,129370.0,129655.0,129370.0,129600.0,63,5,79
2024-03-25 13:00:00,129625.0,129670.0,129500.0,129520.0,78,5,119
2024-03-25 14:00:00,129495.0,129540.0,129260.0,129260.0,71,5,168
2024-03-25 15:00:00,129250.0,129595.0,129210.0,129490.0,120,5,183
2024-03-25 16:00:00,129480.0,129515.0,129345.0,129355.0,45,5,81
2024-03-25 17:00:00,129430.0,129500.0,129325.0,129345.0,192,5,1538
2024-03-25 18:00:00,129340.0,129395.0,129305.0,129355.0,66,5,224
2024-03-26 09:00:00,129520.0,129565.0,128880.0,128980.0,367,5,2222
2024-03-26 10:00:00,128985.0,129400.0,128950.0,129400.0,390,5,610
2024-03-26 11:00:00,129415.0,129645.0,129270.0,129390.0,236,5,587
2024-03-26 12:00:00,129340.0,129580.0,129290.0,129560.0,96,5,171
2024-03-26 13:00:00,129550.0,129600.0,129435.0,129450.0,331,5,1555
2024-03-26 14:00:00,129460.0,129665.0,129460.0,129540.0,554,5,3543
2024-03-26 15:00:00,129555.0,129665.0,129470.0,129485.0,359,5,2874
2024-03-26 16:00:00,129510.0,129510.0,129330.0,129380.0,312,5,2051
2024-03-26 17:00:00,129395.0,129430.0,129360.0,129375.0,229,5,1818
2024-03-26 18:00:00,129355.0,129410.0,129355.0,129375.0,45,5,187
2024-03-27 09:00:00,129555.0,129555.0,129090.0,129180.0,284,5,533
2024-03-27 10:00:00,129165.0,129170.0,128875.0,128985.0,301,5,558
2024-03-27 11:00:00,128950.0,129215.0,128585.0,129130.0,403,5,723
2024-03-27 12:00:00,129130.0,129480.0,129130.0,129390.0,169,5,355
2024-03-27 13:00:00,129410.0,129485.0,129350.0,129485.0,226,5,1218
2024-03-27 14:00:00,129445.0,129555.0,129345.0,129435.0,493,5,1550
2024-03-27 15:00:00,129400.0,129955.0,129400.0,129825.0,461,5,1461
2024-03-27 16:00:00,129850.0,130205.0,129850.0,130155.0,660,5,1515
2024-03-27 17:00:00,130155.0,130155.0,129780.0,129980.0,331,5,1820
2024-03-27 18:00:00,129965.0,130010.0,129865.0,129865.0,74,5,148
2024-03-28 09:00:00,129845.0,129845.0,129575.0,129725.0,295,5,563
2024-03-28 10:00:00,129750.0,130310.0,129595.0,130280.0,1190,5,4493
2024-03-28 11:00:00,130290.0,130520.0,130245.0,130475.0,492,5,2838
2024-03-28 12:00:00,130455.0,130770.0,130380.0,130625.0,471,5,2147
2024-03-28 13:00:00,130595.0,130605.0,130380.0,130485.0,237,5,1217
2024-03-28 14:00:00,130445.0,130475.0,130230.0,130415.0,283,5,1924
2024-03-28 15:00:00,130435.0,130545.0,130300.0,130385.0,154,5,1178
2024-03-28 16:00:00,130345.0,130695.0,130345.0,130675.0,89,5,245
2024-03-28 17:00:00,130605.0,130605.0,130395.0,130505.0,109,5,399
2024-03-28 18:00:00,130520.0,130585.0,130495.0,130545.0,22,5,47
2024-04-01 09:00:00,130705.0,130805.0,130515.0,130720.0,225,5,543
2024-04-01 10:00:00,130725.0,130995.0,130140.0,130320.0,294,5,753
2024-04-01 11:00:00,130210.0,130270.0,129700.0,129790.0,456,5,1208
2024-04-01 12:00:00,129770.0,129770.0,129405.0,129455.0,340,5,2109
2024-04-01 13:00:00,129435.0,129575.0,129425.0,129425.0,527,5,4667
2024-04-01 14:00:00,129400.0,129400.0,129175.0,129260.0,272,5,1732
2024-04-01 15:00:00,129280.0,129345.0,129100.0,129100.0,593,5,7655
2024-04-01 16:00:00,129135.0,129375.0,129075.0,129330.0,238,5,2451
2024-04-01 17:00:00,129325.0,129325.0,129200.0,129265.0,115,5,264
2024-04-01 18:00:00,129250.0,129280.0,129160.0,129230.0,108,5,1700
2024-04-02 09:00:00,129300.0,129605.0,128885.0,129120.0,615,5,3287
2024-04-02 10:00:00,129150.0,129450.0,128980.0,129360.0,624,5,4157
2024-04-02 11:00:00,129360.0,129545.0,128875.0,129135.0,888,5,3381
2024-04-02 12:00:00,129150.0,129290.0,128905.0,128970.0,710,5,6161
2024-04-02 13:00:00,128950.0,129150.0,128895.0,129135.0,730,5,7422
2024-04-02 14:00:00,129130.0,129470.0,128925.0,129390.0,890,5,7894
2024-04-02 15:00:00,129395.0,130000.0,129350.0,129615.0,527,5,8946
2024-04-02 16:00:00,129615.0,129875.0,129600.0,129810.0,423,5,4185
2024-04-02 17:00:00,129780.0,129825.0,129695.0,129760.0,113,5,440
2024-04-02 18:00:00,129735.0,129735.0,129575.0,129580.0,60,5,182
2024-04-03 09:00:00,129560.0,129560.0,129175.0,129400.0,295,5,1398
2024-04-03 10:00:00,129465.0,129670.0,128520.0,128570.0,743,5,4324
2024-04-03 11:00:00,128605.0,128825.0,128350.0,128650.0,483,5,2409
2024-04-03 12:00:00,128675.0,128855.0,128530.0,128700.0,415,5,2037
2024-04-03 13:00:00,128710.0,129115.0,128605.0,129115.0,258,5,988
2024-04-03 14:00:00,129130.0,129940.0,129085.0,129745.0,429,5,1403
2024-04-03 15:00:00,129725.0,129725.0,129510.0,129510.0,181,5,484
2024-04-03 16:00:00,129475.0,129570.0,129290.0,129515.0,178,5,631
2024-04-03 17:00:00,129505.0,129575.0,129395.0,129435.0,148,5,746
2024-04-03 18:00:00,129420.0,129460.0,129415.0,129455.0,14,5,49
2024-04-04 09:00:00,129650.0,129870.0,129475.0,129865.0,235,5,576
2024-04-04 10:00:00,129875.0,131280.0,129875.0,131180.0,771,5,2511
2024-04-04 11:00:00,131165.0,131500.0,130530.0,130530.0,685,5,1704
2024-04-04 12:00:00,130520.0,131635.0,130495.0,131600.0,505,5,1250
2024-04-04 13:00:00,131600.0,131840.0,131375.0,131395.0,313,5,1092
2024-04-04 14:00:00,131395.0,131510.0,130935.0,130935.0,742,5,1502
2024-04-04 15:00:00,130935.0,131150.0,129995.0,130065.0,555,5,1643
2024-04-04 16:00:00,130050.0,130050.0,129300.0,129605.0,373,5,1116
2024-04-04 17:00:00,129650.0,129725.0,129345.0,129510.0,263,5,745
2024-04-04 18:00:00,129535.0,129540.0,129360.0,129360.0,32,5,84
2024-04-05 09:00:00,129640.0,130125.0,129340.0,129655.0,681,5,1515
2024-04-05 10:00:00,129675.0,129675.0,128900.0,129180.0,642,5,1702
2024-04-05 11:00:00,129140.0,129255.0,128515.0,128895.0,547,5,1062
2024-04-05 12:00:00,128945.0,129115.0,128485.0,129095.0,510,5,1509
2024-04-05 13:00:00,129060.0,129355.0,128935.0,129355.0,325,5,477
2024-04-05 14:00:00,129255.0,129265.0,128560.0,128620.0,414,5,810
2024-04-05 15:00:00,128645.0,128870.0,128500.0,128855.0,260,5,556
2024-04-05 16:00:00,128830.0,129070.0,128700.0,128930.0,178,5,316
2024-04-05 17:00:00,128880.0,128910.0,128515.0,128835.0,232,5,406
2024-04-05 18:00:00,128795.0,128900.0,128655.0,128900.0,49,5,71
2024-04-08 09:00:00,128765.0,129240.0,128765.0,129235.0,240,5,452
2024-04-08 10:00:00,129285.0,130400.0,129145.0,130195.0,703,5,1894
2024-04-08 11:00:00,130180.0,130465.0,129970.0,130405.0,557,5,1461
2024-04-08 12:00:00,130410.0,130725.0,130400.0,130645.0,633,5,1736
2024-04-08 13:00:00,130660.0,130765.0,130550.0,130630.0,381,5,904
2024-04-08 14:00:00,130675.0,130900.0,130630.0,130825.0,531,5,1259
2024-04-08 15:00:00,130850.0,130880.0,130550.0,130735.0,467,5,1056
2024-04-08 16:00:00,130710.0,131305.0,130710.0,131020.0,1473,5,4412
2024-04-08 17:00:00,131045.0,131220.0,130935.0,131020.0,298,5,1238
2024-04-08 18:00:00,131055.0,131140.0,130800.0,130800.0,172,5,620
2024-04-09 09:00:00,131150.0,131660.0,131030.0,131570.0,501,5,1274
2024-04-09 10:00:00,131570.0,131895.0,131340.0,131615.0,797,5,2281
2024-04-09 11:00:00,131640.0,132065.0,131260.0,131615.0,951,5,2813
2024-04-09 12:00:00,131575.0,131765.0,131475.0,131590.0,427,5,974
2024-04-09 13:00:00,131600.0,131750.0,131435.0,131435.0,278,5,815
2024-04-09 14:00:00,131410.0,131735.0,131270.0,131695.0,266,5,799
2024-04-09 15:00:00,131670.0,131850.0,131595.0,131640.0,296,5,777
2024-04-09 16:00:00,131630.0,132040.0,131445.0,132030.0,594,5,2063
2024-04-09 17:00:00,132020.0,132100.0,131890.0,132000.0,502,5,3461
2024-04-09 18:00:00,132000.0,132140.0,131965.0,131965.0,77,5,249
2024-04-10 09:00:00,131965.0,133100.0,131210.0,131630.0,2479,5,9184
2024-04-10 10:00:00,131670.0,131670.0,130820.0,131115.0,1505,5,6619
2024-04-10 11:00:00,131065.0,131175.0,130690.0,130850.0,1023,5,2981
2024-04-10 12:00:00,130865.0,130925.0,130110.0,130215.0,2168,5,7394
2024-04-10 13:00:00,130210.0,130415.0,130180.0,130330.0,646,5,2668
2024-04-10 14:00:00,130325.0,130565.0,129890.0,130110.0,1364,5,4584
2024-04-10 15:00:00,130090.0,130280.0,129805.0,129805.0,897,5,2686
2024-04-10 16:00:00,129800.0,130085.0,129680.0,129965.0,664,5,2069
2024-04-10 17:00:00,129965.0,130030.0,129805.0,130030.0,173,5,539
2024-04-10 18:00:00,129985.0,130050.0,129850.0,130050.0,36,5,99
2024-04-11 09:00:00,129735.0,129955.0,129105.0,129710.0,1342,5,4936
2024-04-11 10:00:00,129755.0,129855.0,129330.0,129360.0,764,5,2581
2024-04-11 11:00:00,129410.0,129415.0,128955.0,129260.0,900,5,2321
2024-04-11 12:00:00,129280.0,129505.0,129150.0,129495.0,550,5,1843
2024-04-11 13:00:00,129510.0,129515.0,129010.0,129090.0,520,5,1359
2024-04-11 14:00:00,129055.0,129495.0,128915.0,129470.0,647,5,2383
2024-04-11 15:00:00,129460.0,129770.0,129210.0,129210.0,976,5,2748
2024-04-11 16:00:00,129270.0,129500.0,129160.0,129255.0,814,5,1800
2024-04-11 17:00:00,129265.0,129355.0,129170.0,129270.0,192,5,655
2024-04-11 18:00:00,129250.0,129370.0,129250.0,129255.0,146,5,213
2024-04-12 09:00:00,129420.0,129625.0,129170.0,129355.0,2004,5,4920
2024-04-12 10:00:00,129345.0,129525.0,128995.0,129290.0,3945,5,8799
2024-04-12 11:00:00,129265.0,129520.0,128650.0,128650.0,1803,5,3657
2024-04-12 12:00:00,128665.0,128955.0,128595.0,128855.0,836,5,1950
2024-04-12 13:00:00,128845.0,129050.0,128310.0,128365.0,1253,5,3205
2024-04-12 14:00:00,128370.0,128450.0,127920.0,128005.0,3297,5,17019
2024-04-12 15:00:00,127985.0,128090.0,127550.0,127570.0,3013,5,14165
2024-04-12 16:00:00,127560.0,127910.0,127450.0,127690.0,3640,5,24398
2024-04-12 17:00:00,127705.0,127865.0,127640.0,127830.0,1256,5,4760
2024-04-12 18:00:00,127805.0,127810.0,127685.0,127685.0,77,5,589
2024-04-15 09:00:00,128110.0,128510.0,127650.0,127745.0,8762,5,37404
2024-04-15 10:00:00,127755.0,128050.0,127375.0,127960.0,11685,5,54453
2024-04-15 11:00:00,127955.0,128075.0,127600.0,127735.0,10010,5,24578
2024-04-15 12:00:00,127730.0,128020.0,127620.0,127885.0,6864,5,15581
2024-04-15 13:00:00,127895.0,127895.0,127440.0,127605.0,8053,5,17720
2024-04-15 14:00:00,127585.0,127655.0,126805.0,127230.0,9959,5,34334
2024-04-15 15:00:00,127215.0,127350.0,126850.0,127130.0,6773,5,23727
2024-04-15 16:00:00,127115.0,127335.0,126895.0,127290.0,8624,5,25101
2024-04-15 17:00:00,127290.0,127300.0,126895.0,127020.0,3315,5,14203
2024-04-15 18:00:00,127020.0,127080.0,126895.0,126945.0,501,5,2570
2024-04-16 09:00:00,126995.0,126995.0,125880.0,125945.0,28354,5,97459
2024-04-16 10:00:00,125945.0,126150.0,125465.0,125845.0,35670,5,134580
2024-04-16 11:00:00,125845.0,126490.0,125770.0,126220.0,29532,5,118880
2024-04-16 12:00:00,126220.0,126930.0,126200.0,126780.0,21116,5,86224
2024-04-16 13:00:00,126785.0,126795.0,126400.0,126545.0,19123,5,74443
2024-04-16 14:00:00,126545.0,126580.0,125990.0,126360.0,27196,5,112077
2024-04-16 15:00:00,126355.0,126900.0,126125.0,126590.0,28732,5,112566
2024-04-16 16:00:00,126595.0,126660.0,126115.0,126150.0,25694,5,75937
2024-04-16 17:00:00,126150.0,126220.0,125820.0,125955.0,10293,5,53856
2024-04-16 18:00:00,125950.0,125950.0,125800.0,125800.0,1151,5,5101
2024-04-17 09:00:00,126690.0,127175.0,126485.0,126705.0,629445,5,1997615
2024-04-17 10:00:00,126710.0,127060.0,126000.0,126135.0,1002710,5,3604953
2024-04-17 11:00:00,126135.0,126240.0,125785.0,125925.0,674314,5,2503105
2024-04-17 12:00:00,125915.0,126340.0,125765.0,126110.0,550919,5,2122780
2024-04-17 13:00:00,126110.0,126125.0,125280.0,125680.0,581860,5,2323132
2024-04-17 14:00:00,125680.0,126205.0,125570.0,126010.0,538524,5,2112890
2024-04-17 15:00:00,126010.0,126135.0,125645.0,125735.0,444810,5,1749411
2024-04-17 16:00:00,125735.0,125985.0,125565.0,125940.0,398765,5,1546908
2024-04-17 17:00:00,125935.0,125965.0,125660.0,125705.0,153639,5,586515
2024-04-17 18:00:00,125700.0,126010.0,125695.0,125930.0,59779,5,128424
2024-04-18 09:00:00,126370.0,126380.0,125340.0,126170.0,810281,5,2741530
2024-04-18 10:00:00,126170.0,126645.0,126010.0,126575.0,1112318,5,4089261
2024-04-18 11:00:00,126570.0,126820.0,126180.0,126275.0,686092,5,2559331
2024-04-18 12:00:00,126275.0,126400.0,125720.0,125770.0,575457,5,2203745
2024-04-18 13:00:00,125765.0,125800.0,125185.0,125295.0,491251,5,2014378
2024-04-18 14:00:00,125295.0,125435.0,124990.0,125405.0,493539,5,2025068
2024-04-18 15:00:00,125405.0,125630.0,125260.0,125395.0,433072,5,1779856
2024-04-18 16:00:00,125395.0,125910.0,125385.0,125695.0,378215,5,1598930
2024-04-18 17:00:00,125695.0,125865.0,125620.0,125780.0,158515,5,628182
2024-04-18 18:00:00,125775.0,125865.0,125710.0,125840.0,50241,5,116567
2024-04-19 09:00:00,125385.0,126250.0,125350.0,125925.0,707344,5,2314247
2024-04-19 10:00:00,125925.0,126835.0,125820.0,126730.0,946154,5,3540573
2024-04-19 11:00:00,126735.0,127170.0,126430.0,126995.0,799437,5,3151332
2024-04-19 12:00:00,127000.0,127135.0,126780.0,126845.0,381556,5,1416397
2024-04-19 13:00:00,126845.0,126920.0,126580.0,126835.0,373642,5,1451927
2024-04-19 14:00:00,126840.0,126910.0,126625.0,126775.0,391385,5,1558902
2024-04-19 15:00:00,126775.0,126785.0,126355.0,126615.0,477911,5,1923109
2024-04-19 16:00:00,126610.0,126925.0,126530.0,126895.0,375742,5,1505076
2024-04-19 17:00:00,126895.0,126900.0,126630.0,126720.0,163704,5,674422
2024-04-19 18:00:00,126720.0,126865.0,126675.0,126800.0,45181,5,111934
2024-04-22 09:00:00,127295.0,127315.0,126580.0,126890.0,677375,5,2213030
2024-04-22 10:00:00,126890.0,126975.0,126125.0,126370.0,906074,5,3403890
2024-04-22 11:00:00,126375.0,126875.0,126300.0,126670.0,756456,5,2956338
2024-04-22 12:00:00,126670.0,126860.0,126585.0,126855.0,338293,5,1258422
2024-04-22 13:00:00,126855.0,127625.0,126740.0,127615.0,489471,5,1900789
2024-04-22 14:00:00,127610.0,127655.0,127120.0,127185.0,408189,5,1689273
2024-04-22 15:00:00,127185.0,127380.0,127110.0,127330.0,308519,5,1281005
2024-04-22 16:00:00,127330.0,127400.0,126990.0,127165.0,346293,5,1456267
2024-04-22 17:00:00,127160.0,127275.0,127010.0,127110.0,165745,5,699367
2024-04-22 18:00:00,127110.0,127480.0,127090.0,127385.0,45326,5,110719
2024-04-23 09:00:00,127025.0,127040.0,126170.0,126320.0,672685,5,2190353
2024-04-23 10:00:00,126325.0,126350.0,125760.0,126270.0,1206627,5,4503650
2024-04-23 11:00:00,126265.0,126485.0,126045.0,126140.0,836879,5,2983297
2024-04-23 12:00:00,126135.0,126590.0,126075.0,126490.0,478982,5,1793433
2024-04-23 13:00:00,126490.0,127220.0,126425.0,127115.0,426694,5,1770514
2024-04-23 14:00:00,127115.0,127435.0,127040.0,127090.0,370904,5,1526252
2024-04-23 15:00:00,127090.0,127235.0,126915.0,127225.0,326352,5,1346094
2024-04-23 16:00:00,127230.0,127230.0,126685.0,126775.0,383627,5,1598311
2024-04-23 17:00:00,126770.0,126770.0,126515.0,126670.0,178757,5,739254
2024-04-23 18:00:00,126675.0,126750.0,126570.0,126570.0,37576,5,95910
2024-04-24 09:00:00,127040.0,127300.0,126710.0,126715.0,673747,5,2092556
2024-04-24 10:00:00,126715.0,126940.0,126375.0,126485.0,949066,5,3324700
2024-04-24 11:00:00,126485.0,126740.0,126255.0,126435.0,767789,5,2918022
2024-04-24 12:00:00,126430.0,126485.0,126005.0,126145.0,469314,5,1772142
2024-04-24 13:00:00,126140.0,126450.0,126095.0,126415.0,324376,5,1260222
2024-04-24 14:00:00,126415.0,126580.0,126305.0,126470.0,425031,5,1717553
2024-04-24 15:00:00,126470.0,126520.0,126250.0,126385.0,376712,5,1533839
2024-04-24 16:00:00,126380.0,126560.0,126280.0,126435.0,302612,5,1258803
2024-04-24 17:00:00,126430.0,126450.0,126110.0,126250.0,220512,5,900636
2024-04-24 18:00:00,126250.0,126265.0,126145.0,126215.0,37181,5,114741
2024-04-25 09:00:00,125915.0,127255.0,125755.0,125950.0,1023178,5,3333122
2024-04-25 10:00:00,125950.0,125970.0,125040.0,125260.0,1055211,5,3823246
2024-04-25 11:00:00,125260.0,125840.0,125215.0,125720.0,773901,5,2860807
2024-04-25 12:00:00,125720.0,126185.0,125720.0,126165.0,477395,5,1836839
2024-04-25 13:00:00,126165.0,126190.0,125750.0,125855.0,389332,5,1489577
2024-04-25 14:00:00,125855.0,126015.0,125655.0,125880.0,458891,5,1824400
2024-04-25 15:00:00,125875.0,126045.0,125765.0,125905.0,376774,5,1479634
2024-04-25 16:00:00,125900.0,126165.0,125815.0,125975.0,355134,5,1388826
2024-04-25 17:00:00,125970.0,126125.0,125815.0,125885.0,214858,5,847440
2024-04-25 18:00:00,125885.0,125975.0,125870.0,125890.0,35292,5,85258
2024-04-26 09:00:00,126750.0,127170.0,126250.0,126990.0,949473,5,2877373
2024-04-26 10:00:00,126990.0,127920.0,126730.0,127710.0,984944,5,3363270
2024-04-26 11:00:00,127705.0,127865.0,127540.0,127720.0,518734,5,1948846
2024-04-26 12:00:00,127725.0,128010.0,127615.0,127970.0,337041,5,1253965
2024-04-26 13:00:00,127970.0,128110.0,127850.0,127955.0,283005,5,1095497
2024-04-26 14:00:00,127955.0,128105.0,127815.0,128015.0,272447,5,1072477
2024-04-26 15:00:00,128015.0,128250.0,127965.0,128175.0,274243,5,1153041
2024-04-26 16:00:00,128175.0,128240.0,127850.0,127875.0,256544,5,1056107
2024-04-26 17:00:00,127875.0,127980.0,127785.0,127940.0,143145,5,632687
2024-04-26 18:00:00,127945.0,128185.0,127880.0,128000.0,73027,5,193803
2024-04-29 09:00:00,127990.0,128135.0,127720.0,127865.0,590966,5,1922000
2024-04-29 10:00:00,127865.0,128370.0,127845.0,128220.0,915895,5,3320611
2024-04-29 11:00:00,128220.0,128405.0,128025.0,128325.0,662988,5,2428342
2024-04-29 12:00:00,128330.0,128465.0,128050.0,128145.0,458570,5,1673871
2024-04-29 13:00:00,128140.0,128485.0,128090.0,128470.0,342983,5,1236014
2024-04-29 14:00:00,128470.0,128590.0,128440.0,128545.0,281179,5,1042688
2024-04-29 15:00:00,128545.0,128690.0,128370.0,128535.0,403471,5,1571155
2024-04-29 16:00:00,128535.0,128615.0,128260.0,128565.0,470761,5,1727390
2024-04-29 17:00:00,128565.0,128730.0,128540.0,128635.0,189454,5,746687
2024-04-29 18:00:00,128640.0,128775.0,128620.0,128690.0,49881,5,116732
2024-04-30 09:00:00,128320.0,128620.0,127980.0,128255.0,768959,5,2627833
2024-04-30 10:00:00,128250.0,128375.0,127815.0,127865.0,933577,5,3518213
2024-04-30 11:00:00,127860.0,128010.0,127430.0,127455.0,679060,5,2546454
2024-04-30 12:00:00,127460.0,127550.0,127155.0,127285.0,417244,5,1602255
2024-04-30 13:00:00,127290.0,127390.0,127115.0,127155.0,336138,5,1258433
2024-04-30 14:00:00,127160.0,127410.0,127150.0,127390.0,328800,5,1270769
2024-04-30 15:00:00,127395.0,127485.0,127225.0,127280.0,341515,5,1318328
2024-04-30 16:00:00,127275.0,127555.0,127200.0,127365.0,370123,5,1490469
2024-04-30 17:00:00,127365.0,127475.0,127250.0,127440.0,246506,5,964861
2024-04-30 18:00:00,127445.0,127450.0,127350.0,127350.0,46770,5,115546
2024-05-02 09:00:00,128175.0,128740.0,128100.0,128655.0,552615,5,1801762
2024-05-02 10:00:00,128655.0,128835.0,128225.0,128315.0,910367,5,3432981
2024-05-02 11:00:00,128320.0,128435.0,127880.0,128345.0,794512,5,3238380
2024-05-02 12:00:00,128350.0,128410.0,128200.0,128280.0,349910,5,1365038
2024-05-02 13:00:00,128275.0,128515.0,128015.0,128335.0,430864,5,1645919
2024-05-02 14:00:00,128335.0,128665.0,128330.0,128565.0,388135,5,1515192
2024-05-02 15:00:00,128565.0,128905.0,128370.0,128905.0,410765,5,1702024
2024-05-02 16:00:00,128900.0,129035.0,128510.0,128580.0,387762,5,1678554
2024-05-02 17:00:00,128580.0,128590.0,128350.0,128470.0,187077,5,824215
2024-05-02 18:00:00,128465.0,128490.0,128270.0,128270.0,52261,5,137404
2024-05-03 09:00:00,128450.0,130125.0,127845.0,130060.0,1160249,5,3844132
2024-05-03 10:00:00,130055.0,130315.0,129640.0,129705.0,904467,5,3248839
2024-05-03 11:00:00,129705.0,130070.0,129550.0,129815.0,928504,5,3374383
2024-05-03 12:00:00,129820.0,129960.0,129705.0,129770.0,351527,5,1347218
2024-05-03 13:00:00,129775.0,130020.0,129645.0,129645.0,308908,5,1167701
2024-05-03 14:00:00,129650.0,129930.0,129570.0,129895.0,305762,5,1254751
2024-05-03 15:00:00,129895.0,130025.0,129855.0,129935.0,264610,5,1060703
2024-05-03 16:00:00,129935.0,130015.0,129855.0,129930.0,243942,5,990083
2024-05-03 17:00:00,129935.0,130165.0,129875.0,130080.0,187309,5,831923
2024-05-03 18:00:00,130080.0,130290.0,130040.0,130175.0,50251,5,178539
2024-05-06 09:00:00,130415.0,130485.0,129515.0,129580.0,559304,5,1812290
2024-05-06 10:00:00,129575.0,130330.0,129480.0,130310.0,916800,5,3389588
2024-05-06 11:00:00,130315.0,130450.0,130170.0,130280.0,553914,5,2083814
2024-05-06 12:00:00,130280.0,130365.0,130110.0,130315.0,374042,5,1443242
2024-05-06 13:00:00,130315.0,130340.0,130010.0,130035.0,337943,5,1346285
2024-05-06 14:00:00,130040.0,130105.0,129735.0,129820.0,387147,5,1639425
2024-05-06 15:00:00,129820.0,129935.0,129775.0,129830.0,298320,5,1246527
2024-05-06 16:00:00,129835.0,129845.0,129665.0,129800.0,273066,5,1155549
2024-05-06 17:00:00,129800.0,129910.0,129675.0,129820.0,160633,5,672536
2024-05-06 18:00:00,129825.0,129860.0,129670.0,129670.0,51308,5,133424
2024-05-07 09:00:00,129670.0,130300.0,129600.0,130280.0,701911,5,2439203
2024-05-07 10:00:00,130275.0,130660.0,130240.0,130370.0,888642,5,3402595
2024-05-07 11:00:00,130370.0,130910.0,130260.0,130840.0,633170,5,2550226
2024-05-07 12:00:00,130845.0,130975.0,130665.0,130685.0,381072,5,1480511
2024-05-07 13:00:00,130680.0,130825.0,130590.0,130785.0,286061,5,1150011
2024-05-07 14:00:00,130785.0,130795.0,130555.0,130590.0,273723,5,1066743
2024-05-07 15:00:00,130590.0,130660.0,130260.0,130355.0,329520,5,1403579
2024-05-07 16:00:00,130360.0,130445.0,130270.0,130340.0,253867,5,1053204
2024-05-07 17:00:00,130335.0,130445.0,130330.0,130400.0,127920,5,553565
2024-05-07 18:00:00,130400.0,130490.0,130330.0,130355.0,42460,5,117225
2024-05-08 09:00:00,129900.0,130040.0,129255.0,129320.0,658410,5,2252515
2024-05-08 10:00:00,129325.0,130200.0,129150.0,130195.0,937301,5,3698608
2024-05-08 11:00:00,130195.0,130400.0,130100.0,130130.0,550337,5,2231160
2024-05-08 12:00:00,130135.0,130565.0,130085.0,130405.0,417753,5,1751767
2024-05-08 13:00:00,130410.0,130485.0,130305.0,130410.0,241470,5,1015504
2024-05-08 14:00:00,130415.0,130420.0,130235.0,130285.0,299079,5,1259513
2024-05-08 15:00:00,130290.0,130545.0,130185.0,130460.0,312094,5,1334262
2024-05-08 16:00:00,130465.0,130695.0,130420.0,130470.0,355677,5,1591378
2024-05-08 17:00:00,130470.0,130695.0,130430.0,130605.0,167962,5,752991
2024-05-08 18:00:00,130615.0,131515.0,130605.0,130925.0,91585,5,256267
2024-05-09 09:00:00,129600.0,129625.0,129075.0,129200.0,900248,5,3036048
2024-05-09 10:00:00,129205.0,129240.0,128450.0,128475.0,1011297,5,3778848
2024-05-09 11:00:00,128475.0,128825.0,128385.0,128770.0,688129,5,2485916
2024-05-09 12:00:00,128765.0,129005.0,128645.0,128715.0,465732,5,1740354
2024-05-09 13:00:00,128710.0,128860.0,128620.0,128740.0,330817,5,1225840
2024-05-09 14:00:00,128740.0,128995.0,128610.0,128975.0,382068,5,1412395
2024-05-09 15:00:00,128975.0,129500.0,128925.0,129450.0,497454,5,1949253
2024-05-09 16:00:00,129445.0,129545.0,129220.0,129320.0,324327,5,1318618
2024-05-09 17:00:00,129325.0,129585.0,129235.0,129445.0,191654,5,835838
2024-05-09 18:00:00,129435.0,129670.0,129435.0,129650.0,50962,5,166134
2024-05-10 09:00:00,129600.0,129910.0,129310.0,129345.0,758663,5,2486293
2024-05-10 10:00:00,129340.0,130025.0,129290.0,129395.0,990410,5,3600859
2024-05-10 11:00:00,129400.0,129475.0,128850.0,128930.0,756241,5,2916060
2024-05-10 12:00:00,128925.0,128995.0,128525.0,128585.0,422059,5,1690201
2024-05-10 13:00:00,128590.0,128985.0,128580.0,128915.0,337800,5,1362954
2024-05-10 14:00:00,128920.0,129065.0,128705.0,129025.0,299732,5,1205299
2024-05-10 15:00:00,129020.0,129020.0,128805.0,128830.0,267456,5,1119222
2024-05-10 16:00:00,128825.0,128900.0,128585.0,128615.0,272805,5,1155013
2024-05-10 17:00:00,128620.0,128835.0,128565.0,128770.0,147444,5,645849
2024-05-10 18:00:00,128770.0,128820.0,128675.0,128730.0,41398,5,134426
2024-05-13 09:00:00,129270.0,129335.0,128650.0,128915.0,636776,5,2167928
2024-05-13 10:00:00,128915.0,129700.0,128905.0,129670.0,862227,5,3086850
2024-05-13 11:00:00,129675.0,129720.0,129270.0,129270.0,533065,5,1927528
2024-05-13 12:00:00,129275.0,129290.0,128930.0,129095.0,473464,5,1841670
2024-05-13 13:00:00,129095.0,129310.0,128930.0,129030.0,339501,5,1269146
2024-05-13 14:00:00,129030.0,129150.0,128825.0,128975.0,421678,5,1659954
2024-05-13 15:00:00,128975.0,129350.0,128935.0,129230.0,359379,5,1450113
2024-05-13 16:00:00,129230.0,129340.0,129140.0,129295.0,268351,5,1075001
2024-05-13 17:00:00,129300.0,129365.0,129090.0,129290.0,157576,5,661764
2024-05-13 18:00:00,129295.0,129360.0,129245.0,129300.0,34414,5,109388
2024-05-14 09:00:00,128715.0,129335.0,128510.0,129010.0,1037027,5,3468060
2024-05-14 10:00:00,129005.0,129540.0,128820.0,129485.0,1036325,5,3740835
2024-05-14 11:00:00,129490.0,129965.0,129415.0,129885.0,750646,5,2969016
2024-05-14 12:00:00,129880.0,129890.0,129535.0,129615.0,384023,5,1555187
2024-05-14 13:00:00,129620.0,129650.0,129320.0,129610.0,350124,5,1440764
2024-05-14 14:00:00,129615.0,129655.0,129240.0,129260.0,339750,5,1362296
2024-05-14 15:00:00,129255.0,129595.0,129225.0,129450.0,380484,5,1614562
2024-05-14 16:00:00,129450.0,129580.0,129380.0,129545.0,213873,5,944858
2024-05-14 17:00:00,129545.0,129635.0,129450.0,129585.0,117167,5,544084
2024-05-14 18:00:00,129595.0,129740.0,129565.0,129735.0,38025,5,109918
2024-05-15 09:00:00,128230.0,129150.0,127610.0,128220.0,1036373,5,3453984
2024-05-15 10:00:00,128220.0,128620.0,127940.0,128265.0,1031040,5,3840682
2024-05-15 11:00:00,128265.0,128575.0,127855.0,128555.0,742092,5,2876031
2024-05-15 12:00:00,128555.0,128910.0,128200.0,128585.0,466775,5,1855702
2024-05-15 13:00:00,128590.0,129170.0,128520.0,129115.0,419141,5,1693764
2024-05-15 14:00:00,129120.0,129135.0,128635.0,128840.0,344596,5,1422558
2024-05-15 15:00:00,128840.0,129165.0,128650.0,129105.0,362073,5,1474505
2024-05-15 16:00:00,129100.0,129230.0,128920.0,129045.0,348503,5,1488151
2024-05-15 17:00:00,129040.0,129095.0,128885.0,129080.0,154309,5,654022
2024-05-15 18:00:00,129085.0,129300.0,129000.0,129210.0,57785,5,173887
2024-05-16 09:00:00,129170.0,129995.0,129070.0,129800.0,707756,5,2376980
2024-05-16 10:00:00,129800.0,129910.0,128765.0,128785.0,974219,5,3733129
2024-05-16 11:00:00,128790.0,129260.0,128700.0,129175.0,684256,5,2652404
2024-05-16 12:00:00,129180.0,129260.0,128995.0,129125.0,343276,5,1377559
2024-05-16 13:00:00,129120.0,129155.0,128825.0,129030.0,397447,5,1607609
2024-05-16 14:00:00,129030.0,129195.0,128885.0,129075.0,384736,5,1519694
2024-05-16 15:00:00,129075.0,129465.0,129020.0,129315.0,426878,5,1754116
2024-05-16 16:00:00,129320.0,129360.0,129055.0,129195.0,309101,5,1318581
2024-05-16 17:00:00,129190.0,129250.0,129105.0,129165.0,137901,5,596200
2024-05-16 18:00:00,129170.0,129185.0,129025.0,129105.0,55027,5,143636
2024-05-17 09:00:00,129350.0,129375.0,128730.0,128780.0,700565,5,2405672
2024-05-17 10:00:00,128780.0,129260.0,128420.0,128560.0,1021622,5,3780690
2024-05-17 11:00:00,128560.0,129035.0,128545.0,128845.0,582169,5,2199826
2024-05-17 12:00:00,128845.0,128890.0,128620.0,128685.0,292166,5,1184991
2024-05-17 13:00:00,128680.0,128935.0,128580.0,128875.0,307073,5,1235145
2024-05-17 14:00:00,128875.0,129130.0,128810.0,128980.0,273522,5,1166245
2024-05-17 15:00:00,128985.0,129155.0,128805.0,129055.0,299212,5,1239204
2024-05-17 16:00:00,129050.0,129175.0,128985.0,129125.0,200437,5,837340
2024-05-17 17:00:00,129125.0,129170.0,128955.0,129105.0,123649,5,551239
2024-05-17 18:00:00,129105.0,129200.0,129005.0,129200.0,43845,5,125063
